Medicine_id,Medicine_name,Category_id,Order_date,Medicine_Quantity,Unit_Price
1,Paracetamol,1,2024-02-13,100,5
2,Ibuprofen,1,2024-02-13,50,8
3,Amoxicillin,2,2024-02-12,30,15
4,Omeprazole,4,2024-02-11,20,10
5,Loratadine,5,2024-02-10,40,6
6,Aspirin,1,2024-02-10,70,3
7,Cetirizine,5,2024-02-09,60,7
8,Penicillin,2,2024-02-08,25,20
9,Ranitidine,4,2024-02-07,35,12
10,Codeine,1,2024-02-06,45,9
11,Azithromycin,2,2024-02-05,55,18
12,Fexofenadine,5,2024-02-04,65,8
13,Naproxen,1,2024-02-03,75,6
14,Metronidazole,2,2024-02-02,85,14
15,Lansoprazole,4,2024-02-01,95,11
16,Diclofenac,1,2024-01-31,105,4
17,Erythromycin,2,2024-01-30,115,16
18,Diphenhydramine,5,2024-01-29,125,5
19,Acetaminophen,1,2024-01-28,135,7
20,Ciprofloxacin,2,2024-01-27,145,22
21,Rabeprazole,4,2024-01-26,155,13
22,Dextromethorphan,1,2024-01-25,165,8
23,Levocetirizine,5,2024-01-24,175,9
24,"Acetylsalicylic acid",1,2024-01-23,185,3
25,Cephalexin,2,2024-01-22,195,17
26,Pantoprazole,4,2024-01-21,205,12
27,Hydrocodone,1,2024-01-20,215,10
28,Clarithromycin,2,2024-01-19,225,19
29,Doxylamine,5,2024-01-18,235,7
30,Tramadol,1,2024-01-17,245,8
31,Doxycycline,2,2024-01-16,255,21
32,Famotidine,4,2024-01-15,265,14
33,Oxycodone,1,2024-01-14,275,11
34,Mupirocin,2,2024-01-13,285,18
35,Ondansetron,5,2024-01-12,295,6
36,Ibuprofen,1,2024-01-11,305,5
37,Metoclopramide,4,2024-01-10,315,13
38,Chlorphenamine,5,2024-01-09,325,8
39,Nystatin,3,2024-01-08,335,7
40,Fluconazole,2,2024-01-07,345,20
41,"Salicylic acid",4,2024-01-06,355,11
42,Loperamide,1,2024-01-05,365,9
43,Hydrocortisone,3,2024-01-04,375,15
44,Furosemide,4,2024-01-03,385,10
45,Prednisone,3,2024-01-02,395,16
46,"Clobetasol propionate",3,2024-01-01,405,14
47,"Fluticasone propionate",3,2023-12-31,415,13
48,Sildenafil,1,2023-12-30,425,17
49,Tadalafil,1,2023-12-29,435,22
50,Metformin,4,2023-12-28,445,9
51,Insulin,4,2023-12-27,455,15
52,Levothyroxine,4,2023-12-26,465,11
53,Atorvastatin,4,2023-12-25,475,14
54,Simvastatin,4,2023-12-24,485,12
55,Citalopram,3,2023-12-23,495,18
56,Sertraline,3,2023-12-22,505,16
57,Escitalopram,3,2023-12-21,515,20
58,Venlafaxine,3,2023-12-20,525,19
59,Duloxetine,3,2023-12-19,535,22
60,Fluoxetine,3,2023-12-18,545,18
61,Bupropion,3,2023-12-17,555,21
62,Mirtazapine,3,2023-12-16,565,17
63,Trazodone,3,2023-12-15,575,20
64,Amitriptyline,3,2023-12-14,585,16
65,Nortriptyline,3,2023-12-13,595,18
66,Olanzapine,3,2023-12-12,605,23
67,Quetiapine,3,2023-12-11,615,22
68,Risperidone,3,2023-12-10,625,24
69,Haloperidol,3,2023-12-09,635,21
70,Lithium,3,2023-12-08,645,25
71,Valproate,3,2023-12-07,655,23
72,Carbamazepine,3,2023-12-06,665,22
73,Lamotrigine,3,2023-12-05,675,20
74,Gabapentin,3,2023-12-04,685,18
75,Pregabalin,3,2023-12-03,695,22
76,Clonazepam,3,2023-12-02,705,21
77,Diazepam,3,2023-12-01,715,19
78,Alprazolam,3,2023-11-30,725,18
79,Hydroxyzine,5,2023-11-29,735,20
80,Promethazine,5,2023-11-28,745,21
81,Diphenhydramine,5,2023-11-27,755,19
82,Chlorphenamine,5,2023-11-26,765,17
83,Cetirizine,5,2023-11-25,775,16
84,Loratadine,5,2023-11-24,785,15
85,Fexofenadine,5,2023-11-23,795,17
86,Levocetirizine,5,2023-11-22,805,18
87,Desloratadine,5,2023-11-21,815,19
88,Ciclesonide,6,2023-11-20,825,23
89,Mometasone,6,2023-11-19,835,22
90,Fluticasone,6,2023-11-18,845,21
91,Budesonide,6,2023-11-17,855,20
92,Beclomethasone,6,2023-11-16,865,19
93,Triamcinolone,6,2023-11-15,875,18
94,Fluocinonide,6,2023-11-14,885,17
95,Betamethasone,6,2023-11-13,895,16
96,Clobetasol,6,2023-11-12,905,15
97,Hydrocortisone,6,2023-11-11,915,14
98,Prednisolone,6,2023-11-10,925,13
99,Methylprednisolone,6,2023-11-09,935,12
100,Dexamethasone,6,2023-11-08,945,11
101,Diflorasone,6,2023-11-07,955,10
102,Halobetasol,6,2023-11-06,965,9
103,Desonide,6,2023-11-05,975,8
104,Fluorometholone,6,2023-11-04,985,7
105,Fluocinolone,6,2023-11-03,995,6
106,Eplerenone,4,2023-11-02,1005,25
107,Spironolactone,4,2023-11-01,1015,24
108,Furosemide,4,2023-10-31,1025,23
109,Hydrochlorothiazide,4,2023-10-30,1035,22
110,Chlorthalidone,4,2023-10-29,1045,21
111,Metolazone,4,2023-10-28,1055,20
112,Bumetanide,4,2023-10-27,1065,19
113,Torsemide,4,2023-10-26,1075,18
114,Acetazolamide,4,2023-10-25,1085,17
115,Mannitol,4,2023-10-24,1095,16
116,Dorzolamide,4,2023-10-23,1105,15
117,Brinzolamide,4,2023-10-22,1115,14
118,Azosemide,4,2023-10-21,1125,13
119,Indapamide,4,2023-10-20,1135,12
120,Amiloride,4,2023-10-19,1145,11
121,Triamterene,4,2023-10-18,1155,10
122,Eplerenone,4,2023-10-17,1165,9
123,Dapagliflozin,4,2023-10-16,1175,8
124,Canagliflozin,4,2023-10-15,1185,7
125,Empagliflozin,4,2023-10-14,1195,6
126,Phenazopyridine,4,2023-10-13,1205,5
127,Sildenafil,1,2023-10-12,1215,17
128,Tadalafil,1,2023-10-11,1225,18
129,Vardenafil,1,2023-10-10,1235,19
130,Avanafil,1,2023-10-09,1245,20
131,Alprostadil,1,2023-10-08,1255,21
132,Erythromycin,2,2023-10-07,1265,22
133,Clarithromycin,2,2023-10-06,1275,23
134,Azithromycin,2,2023-10-05,1285,24
135,Telithromycin,2,2023-10-04,1295,25
136,Clindamycin,2,2023-10-03,1305,26
137,Lincomycin,2,2023-10-02,1315,27
138,Doxycycline,2,2023-10-01,1325,28
139,Minocycline,2,2023-09-30,1335,29
140,Tetracycline,2,2023-09-29,1345,30
141,Erythromycin,2,2023-09-28,1355,31
142,Sulfamethoxazole,2,2023-09-27,1365,32
143,Trimethoprim,2,2023-09-26,1375,33
144,Ciprofloxacin,2,2023-09-25,1385,34
145,Levofloxacin,2,2023-09-24,1395,35
146,Ofloxacin,2,2023-09-23,1405,36
147,Moxifloxacin,2,2023-09-22,1415,37
148,Norfloxacin,2,2023-09-21,1425,38
149,Metronidazole,2,2023-09-20,1435,39
150,Nitrofurantoin,2,2023-09-19,1445,40
151,Furazolidone,2,2023-09-18,1455,41
152,Chloramphenicol,2,2023-09-17,1465,42
153,Gentamicin,2,2023-09-16,1475,43
154,Tobramycin,2,2023-09-15,1485,44
155,Amikacin,2,2023-09-14,1495,45
156,Neomycin,2,2023-09-13,1505,46
157,Kanamycin,2,2023-09-12,1515,47
158,Streptomycin,2,2023-09-11,1525,48
159,Rifampicin,2,2023-09-10,1535,49
160,Isoniazid,2,2023-09-09,1545,50
161,Pyrazinamide,2,2023-09-08,1555,51
162,Ethambutol,2,2023-09-07,1565,52
163,Cycloserine,2,2023-09-06,1575,53
164,Ethionamide,2,2023-09-05,1585,54
165,Amoxicillin,2,2023-09-04,1595,55
166,Ampicillin,2,2023-09-03,1605,56
167,Piperacillin,2,2023-09-02,1615,57
168,Ticarcillin,2,2023-09-01,1625,58
169,Azlocillin,2,2023-08-31,1635,59
170,Carbenicillin,2,2023-08-30,1645,60
171,Cefazolin,2,2023-08-29,1655,61
172,Cephalexin,2,2023-08-28,1665,62
173,Cefaclor,2,2023-08-27,1675,63
174,Cefamandole,2,2023-08-26,1685,64
175,Cefuroxime,2,2023-08-25,1695,65
176,Cefoxitin,2,2023-08-24,1705,66
177,Cefotaxime,2,2023-08-23,1715,67
178,Ceftizoxime,2,2023-08-22,1725,68
179,Ceftriaxone,2,2023-08-21,1735,69
180,Cefepime,2,2023-08-20,1745,70
181,Ceftazidime,2,2023-08-19,1755,71
182,Cefixime,2,2023-08-18,1765,72
183,Cefpodoxime,2,2023-08-17,1775,73
184,Cefdinir,2,2023-08-16,1785,74
185,Cefditoren,2,2023-08-15,1795,75
186,Ceftibuten,2,2023-08-14,1805,76
187,Ceftriaxone,2,2023-08-13,1815,77
188,Cefaclor,2,2023-08-12,1825,78
189,Cefadroxil,2,2023-08-11,1835,79
190,Cefuroxime,2,2023-08-10,1845,80
191,Cefdinir,2,2023-08-09,1855,81
192,Cefixime,2,2023-08-08,1865,82
193,Cefprozil,2,2023-08-07,1875,83
194,Cefotaxime,2,2023-08-06,1885,84
195,Cefoperazone,2,2023-08-05,1895,85
196,Ceftriaxone,2,2023-08-04,1905,86
197,Cefepime,2,2023-08-03,1915,87
198,Ceftazidime,2,2023-08-02,1925,88
199,Ceftaroline,2,2023-08-01,1935,89
200,Ceftolozane,2,2023-07-31,1945,90
201,Cefoperazone,2,2023-07-30,1955,91
202,Cefpodoxime,2,2023-07-29,1965,92
203,Cefdinir,2,2023-07-28,1975,93
204,Ceftazidime,2,2023-07-27,1985,94
205,Cefditoren,2,2023-07-26,1995,95
206,Cefprozil,2,2023-07-25,2005,96
207,Cefuroxime,2,2023-07-24,2015,97
208,Cefixime,2,2023-07-23,2025,98
209,Cefadroxil,2,2023-07-22,2035,99
210,Cefazolin,2,2023-07-21,2045,100
211,Ceftizoxime,2,2023-07-20,2055,101
212,Ceftriaxone,2,2023-07-19,2065,102
213,Cefaclor,2,2023-07-18,2075,103
214,Cefuroxime,2,2023-07-17,2085,104
215,Cefepime,2,2023-07-16,2095,105
216,Cefoxitin,2,2023-07-15,2105,106
217,Cefotaxime,2,2023-07-14,2115,107
218,Cefmetazole,2,2023-07-13,2125,108
219,Cefpirome,2,2023-07-12,2135,109
220,Ceftizoxime,2,2023-07-11,2145,110
221,Ceftaroline,2,2023-07-10,2155,111
222,Ceftobiprole,2,2023-07-09,2165,112
223,Ceftolozane,2,2023-07-08,2175,113
224,Ceftazidime,2,2023-07-07,2185,114
225,Cefixime,2,2023-07-06,2195,115
226,Cefpodoxime,2,2023-07-05,2205,116
227,Cefditoren,2,2023-07-04,2215,117
228,Cefprozil,2,2023-07-03,2225,118
229,Cefdinir,2,2023-07-02,2235,119
230,Cefaclor,2,2023-07-01,2245,120
231,Cefadroxil,2,2023-06-30,2255,121
232,Cefazolin,2,2023-06-29,2265,122
233,Cefoxitin,2,2023-06-28,2275,123
234,Ceftizoxime,2,2023-06-27,2285,124
235,Ceftriaxone,2,2023-06-26,2295,125
236,Ceftazidime,2,2023-06-25,2305,126
237,Cefepime,2,2023-06-24,2315,127
238,Cefcapene,2,2023-06-23,2325,128
239,Cefbuperazone,2,2023-06-22,2335,129
240,Cefclidin,2,2023-06-21,2345,130
241,Cefdinir,2,2023-06-20,2355,131
242,Cefetamet,2,2023-06-19,2365,132
243,Cefixime,2,2023-06-18,2375,133
244,Cefmenoxime,2,2023-06-17,2385,134
245,Cefonicid,2,2023-06-16,2395,135
246,Cefoperazone,2,2023-06-15,2405,136
247,Cefoselis,2,2023-06-14,2415,137
248,Cefotetan,2,2023-06-13,2425,138
249,Cefotiam,2,2023-06-12,2435,139
250,Cefozopran,2,2023-06-11,2445,140
251,Cefpirome,2,2023-06-10,2455,141
252,Cefpodoxime,2,2023-06-09,2465,142
253,Cefprozil,2,2023-06-08,2475,143
254,Cefroxadine,2,2023-06-07,2485,144
255,Cefsulodin,2,2023-06-06,2495,145
256,Ceftezole,2,2023-06-05,2505,146
257,Ceftibuten,2,2023-06-04,2515,146
258,Ceftiofur,2,2023-06-03,2525,147
259,Ceftiolene,2,2023-06-02,2535,148
260,Ceftizoxime,2,2023-06-01,2545,149
261,Ceftriaxone,2,2023-05-31,2555,150
262,Ceftazidime,2,2023-05-30,2565,151
263,Cefepime,2,2023-05-29,2575,152
264,Cefetamet,2,2023-05-28,2585,153
265,Cefixime,2,2023-05-27,2595,154
266,Cefmenoxime,2,2023-05-26,2605,155
267,Cefonicid,2,2023-05-25,2615,156
268,Cefoperazone,2,2023-05-24,2625,157
269,Cefoselis,2,2023-05-23,2635,158
270,Cefotetan,2,2023-05-22,2645,159
271,Cefotiam,2,2023-05-21,2655,160
272,Cefozopran,2,2023-05-20,2665,161
273,Cefpirome,2,2023-05-19,2675,162
274,Cefpodoxime,2,2023-05-18,2685,163
275,Cefprozil,2,2023-05-17,2695,164
276,Cefroxadine,2,2023-05-16,2705,165
277,Cefsulodin,2,2023-05-15,2715,166
278,Ceftezole,2,2023-05-14,2725,167
279,Ceftibuten,2,2023-05-13,2735,168
280,Ceftiofur,2,2023-05-12,2745,169
281,Ceftiolene,2,2023-05-11,2755,170
282,Ceftizoxime,2,2023-05-10,2765,171
283,Ceftriaxone,2,2023-05-09,2775,172
284,Ceftazidime,2,2023-05-08,2785,173
285,Cefepime,2,2023-05-07,2795,174
286,Cefetamet,2,2023-05-06,2805,175
287,Cefixime,2,2023-05-05,2815,176
288,Cefmenoxime,2,2023-05-04,2825,177
289,Cefonicid,2,2023-05-03,2835,178
290,Cefoperazone,2,2023-05-02,2845,179
291,Cefoselis,2,2023-05-01,2855,180
292,Cefotetan,2,2023-04-30,2865,181
293,Cefotiam,2,2023-04-29,2875,182
294,Cefozopran,2,2023-04-28,2885,183
295,Cefpirome,2,2023-04-27,2895,184
296,Cefpodoxime,2,2023-04-26,2905,185
297,Cefprozil,2,2023-04-25,2915,186
298,Cefroxadine,2,2023-04-24,2925,187
299,Cefsulodin,2,2023-04-23,2935,188
300,Ceftezole,2,2023-04-22,2945,189
301,Ceftibuten,2,2023-04-21,2955,190
302,Ceftiofur,2,2023-04-20,2965,191
303,Ceftiolene,2,2023-04-19,2975,192
304,Ceftizoxime,2,2023-04-18,2985,193
305,Ceftriaxone,2,2023-04-17,2995,194
306,Ceftazidime,2,2023-04-16,3005,195
307,Cefepime,2,2023-04-15,3015,196
308,Cefetamet,2,2023-04-14,3025,197
309,Cefixime,2,2023-04-13,3035,198
310,Cefmenoxime,2,2023-04-12,3045,199
311,Cefonicid,2,2023-04-11,3055,200
312,Cefoperazone,2,2023-04-10,3065,201
313,Cefoselis,2,2023-04-09,3075,202
314,Cefotetan,2,2023-04-08,3085,203
315,Cefotiam,2,2023-04-07,3095,204
316,Cefozopran,2,2023-04-06,3105,205
317,Cefpirome,2,2023-04-05,3115,206
318,Cefpodoxime,2,2023-04-04,3125,207
319,Cefprozil,2,2023-04-03,3135,208
320,Cefroxadine,2,2023-04-02,3145,209
321,Cefsulodin,2,2023-04-01,3155,210
322,Ceftezole,2,2023-03-31,3165,211
323,Ceftibuten,2,2023-03-30,3175,212
324,Ceftiofur,2,2023-03-29,3185,213
325,Ceftiolene,2,2023-03-28,3195,214
326,Ceftizoxime,2,2023-03-27,3205,215
327,Ceftriaxone,2,2023-03-26,3215,216
328,Ceftazidime,2,2023-03-25,3225,217
329,Cefepime,2,2023-03-24,3235,218
330,Cefetamet,2,2023-03-23,3245,219
331,Cefixime,2,2023-03-22,3255,220
332,Cefmenoxime,2,2023-03-21,3265,221
333,Cefonicid,2,2023-03-20,3275,222
334,Cefoperazone,2,2023-03-19,3285,223
335,Cefoselis,2,2023-03-18,3295,224
336,Cefotetan,2,2023-03-17,3305,225
337,Cefotiam,2,2023-03-16,3315,226
338,Cefozopran,2,2023-03-15,3325,227
339,Cefpirome,2,2023-03-14,3335,228
340,Cefpodoxime,2,2023-03-13,3345,229
341,Cefprozil,2,2023-03-12,3355,230
342,Cefroxadine,2,2023-03-11,3365,231
343,Cefsulodin,2,2023-03-10,3375,232
344,Ceftezole,2,2023-03-09,3385,233
345,Ceftibuten,2,2023-03-08,3395,234
346,Ceftiofur,2,2023-03-07,3405,235
347,Ceftiolene,2,2023-03-06,3415,236
348,Ceftizoxime,2,2023-03-05,3425,237
349,Ceftriaxone,2,2023-03-04,3435,238
350,Ceftazidime,2,2023-03-03,3445,239
351,Cefepime,2,2023-03-02,3455,240
352,Cefetamet,2,2023-03-01,3465,241
353,Cefixime,2,2023-02-28,3475,242
354,Cefmenoxime,2,2023-02-27,3485,243
355,Cefonicid,2,2023-02-26,3495,244
356,Cefoperazone,2,2023-02-25,3505,245
357,Cefoselis,2,2023-02-24,3515,246
358,Cefotetan,2,2023-02-23,3525,247
359,Cefotiam,2,2023-02-22,3535,248
360,Cefozopran,2,2023-02-21,3545,249
361,Cefpirome,2,2023-02-20,3555,250
362,Cefpodoxime,2,2023-02-19,3565,251
363,Cefprozil,2,2023-02-18,3575,252
364,Cefroxadine,2,2023-02-17,3585,253
365,Cefsulodin,2,2023-02-16,3595,254
366,Ceftezole,2,2023-02-15,3605,255
367,Ceftibuten,2,2023-02-14,3615,256
368,Ceftiofur,2,2023-02-13,3625,257
369,Ceftiolene,2,2023-02-12,3635,258
370,Ceftizoxime,2,2023-02-11,3645,259
371,Ceftriaxone,2,2023-02-10,3655,260
372,Ceftazidime,2,2023-02-09,3665,261
373,Cefepime,2,2023-02-08,3675,262
374,Cefetamet,2,2023-02-07,3685,263
375,Cefixime,2,2023-02-06,3695,264
376,Cefmenoxime,2,2023-02-05,3705,265
377,Cefonicid,2,2023-02-04,3715,266
378,Cefoperazone,2,2023-02-03,3725,267
379,Cefoselis,2,2023-02-02,3735,268
380,Cefotetan,2,2023-02-01,3745,269
381,Cefotiam,2,2023-01-31,3755,270
382,Cefozopran,2,2023-01-30,3765,271
383,Cefpirome,2,2023-01-29,3775,272
384,Cefpodoxime,2,2023-01-28,3785,273
385,Cefprozil,2,2023-01-27,3795,274
386,Cefroxadine,2,2023-01-26,3805,275
387,Cefsulodin,2,2023-01-25,3815,276
388,Ceftezole,2,2023-01-24,3825,277
389,Ceftibuten,2,2023-01-23,3835,278
390,Ceftiofur,2,2023-01-22,3845,279
391,Ceftiolene,2,2023-01-21,3855,280
392,Ceftizoxime,2,2023-01-20,3865,281
393,Ceftriaxone,2,2023-01-19,3875,282
394,Ceftazidime,2,2023-01-18,3885,283
395,Cefepime,2,2023-01-17,3895,284
396,Cefetamet,2,2023-01-16,3905,285
397,Cefixime,2,2023-01-15,3915,286
398,Cefmenoxime,2,2023-01-14,3925,287
399,Cefonicid,2,2023-01-13,3935,288
400,Cefoperazone,2,2023-01-12,3945,289
401,Cefoselis,2,2023-01-11,3955,290
402,Cefotetan,2,2023-01-10,3965,291
403,Cefotiam,2,2023-01-09,3975,292
404,Cefozopran,2,2023-01-08,3985,293
405,Cefpirome,2,2023-01-07,3995,294
406,Cefpodoxime,2,2023-01-06,4005,295
407,Cefprozil,2,2023-01-05,4015,296
408,Cefroxadine,2,2023-01-04,4025,297
409,Cefsulodin,2,2023-01-03,4035,298
410,Ceftezole,2,2023-01-02,4045,299
411,Ceftibuten,2,2023-01-01,4055,300
412,Ceftiofur,2,2022-12-31,4065,301
413,Ceftiolene,2,2022-12-30,4075,302
414,Ceftizoxime,2,2022-12-29,4085,303
415,Ceftriaxone,2,2022-12-28,4095,304
416,Ceftazidime,2,2022-12-27,4105,305
417,Cefepime,2,2022-12-26,4115,306
418,Cefetamet,2,2022-12-25,4125,307
419,Cefixime,2,2022-12-24,4135,308
420,Cefmenoxime,2,2022-12-23,4145,309
421,Cefonicid,2,2022-12-22,4155,310
422,Cefoperazone,2,2022-12-21,4165,311
423,Cefoselis,2,2022-12-20,4175,312
424,Cefotetan,2,2022-12-19,4185,313
425,Cefotiam,2,2022-12-18,4195,314
426,Cefozopran,2,2022-12-17,4205,315
427,Cefpirome,2,2022-12-16,4215,316
428,Cefpodoxime,2,2022-12-15,4225,317
429,Cefprozil,2,2022-12-14,4235,318
430,Cefroxadine,2,2022-12-13,4245,319
431,Cefsulodin,2,2022-12-12,4255,320
432,Ceftezole,2,2022-12-11,4265,321
433,Ceftibuten,2,2022-12-10,4275,322
434,Ceftiofur,2,2022-12-09,4285,323
435,Ceftiolene,2,2022-12-08,4295,324
436,Ceftizoxime,2,2022-12-07,4305,325
437,Ceftriaxone,2,2022-12-06,4315,326
438,Ceftazidime,2,2022-12-05,4325,327
439,Cefepime,2,2022-12-04,4335,328
440,Cefetamet,2,2022-12-03,4345,329
441,Cefixime,2,2022-12-02,4355,330
442,Cefmenoxime,2,2022-12-01,4365,331
443,Cefonicid,2,2022-11-30,4375,332
444,Cefoperazone,2,2022-11-29,4385,333
445,Cefoselis,2,2022-11-28,4395,334
446,Cefotetan,2,2022-11-27,4405,335
447,Cefotiam,2,2022-11-26,4415,336
448,Cefozopran,2,2022-11-25,4425,337
449,Cefpirome,2,2022-11-24,4435,338
450,Cefpodoxime,2,2022-11-23,4445,339
451,Cefprozil,2,2022-11-22,4455,340
452,Cefroxadine,2,2022-11-21,4465,341
453,Cefsulodin,2,2022-11-20,4475,342
454,Ceftezole,2,2022-11-19,4485,343
455,Ceftibuten,2,2022-11-18,4495,344
456,Ceftiofur,2,2022-11-17,4505,345
457,Ceftiolene,2,2022-11-16,4515,346
458,Ceftizoxime,2,2022-11-15,4525,347
459,Ceftriaxone,2,2022-11-14,4535,348
460,Ceftazidime,2,2022-11-13,4545,349
461,Cefepime,2,2022-11-12,4555,350
462,Cefetamet,2,2022-11-11,4565,351
463,Cefixime,2,2022-11-10,4575,352
464,Cefmenoxime,2,2022-11-09,4585,353
465,Cefonicid,2,2022-11-08,4595,354
466,Cefoperazone,2,2022-11-07,4605,355
467,Cefoselis,2,2022-11-06,4615,356
468,Cefotetan,2,2022-11-05,4625,357
469,Cefotiam,2,2022-11-04,4635,358
470,Cefozopran,2,2022-11-03,4645,359
471,Cefpirome,2,2022-11-02,4655,360
472,Cefpodoxime,2,2022-11-01,4665,361
473,Cefprozil,2,2022-10-31,4675,362
474,Cefroxadine,2,2022-10-30,4685,363
475,Cefsulodin,2,2022-10-29,4695,364
476,Ceftezole,2,2022-10-28,4705,365
477,Ceftibuten,2,2022-10-27,4715,366
478,Ceftiofur,2,2022-10-26,4725,367
479,Ceftiolene,2,2022-10-25,4735,368
480,Ceftizoxime,2,2022-10-24,4745,369
481,Ceftriaxone,2,2022-10-23,4755,370
482,Ceftazidime,2,2022-10-22,4765,371
483,Cefepime,2,2022-10-21,4775,372
484,Cefetamet,2,2022-10-20,4785,373
485,Cefixime,2,2022-10-19,4795,374
486,Cefmenoxime,2,2022-10-18,4805,375
487,Cefonicid,2,2022-10-17,4815,376
488,Cefoperazone,2,2022-10-16,4825,377
489,Cefoselis,2,2022-10-15,4835,378
490,Cefotetan,2,2022-10-14,4845,379
491,Cefotiam,2,2022-10-13,4855,380
492,Cefozopran,2,2022-10-12,4865,381
493,Cefpirome,2,2022-10-11,4875,382
494,Cefpodoxime,2,2022-10-10,4885,383
495,Cefprozil,2,2022-10-09,4895,384
496,Cefroxadine,2,2022-10-08,4905,385
497,Cefsulodin,2,2022-10-07,4915,386
498,Ceftezole,2,2022-10-06,4925,387
499,Ceftibuten,2,2022-10-05,4935,388
500,Ceftiofur,2,2022-10-04,4945,389
501,Ceftiolene,2,2022-10-03,4955,390
502,Ceftizoxime,2,2022-10-02,4965,391
503,Ceftriaxone,2,2022-10-01,4975,392
504,Ceftazidime,2,2022-09-30,4985,393
505,Cefepime,2,2022-09-29,4995,394
506,Cefetamet,2,2022-09-28,5005,395
507,Cefixime,2,2022-09-27,5015,396
508,Cefmenoxime,2,2022-09-26,5025,397
509,Cefonicid,2,2022-09-25,5035,398
510,Cefoperazone,2,2022-09-24,5045,399
511,Cefoselis,2,2022-09-23,5055,400
512,Cefotetan,2,2022-09-22,5065,401
513,Cefotiam,2,2022-09-21,5075,402
514,Cefozopran,2,2022-09-20,5085,403
515,Cefpirome,2,2022-09-19,5095,404
516,Cefpodoxime,2,2022-09-18,5105,405
517,Cefprozil,2,2022-09-17,5115,406
518,Cefroxadine,2,2022-09-16,5125,407
519,Cefsulodin,2,2022-09-15,5135,408
520,Ceftezole,2,2022-09-14,5145,409
521,Ceftibuten,2,2022-09-13,5155,410
522,Ceftiofur,2,2022-09-12,5165,411
523,Ceftiolene,2,2022-09-11,5175,412
524,Ceftizoxime,2,2022-09-10,5185,413
525,Ceftriaxone,2,2022-09-09,5195,414
526,Ceftazidime,2,2022-09-08,5205,415
527,Cefepime,2,2022-09-07,5215,416
528,Cefetamet,2,2022-09-06,5225,417
529,Cefixime,2,2022-09-05,5235,418
530,Cefmenoxime,2,2022-09-04,5245,419
531,Cefonicid,2,2022-09-03,5255,420
532,Cefoperazone,2,2022-09-02,5265,421
533,Cefoselis,2,2022-09-01,5275,422
534,Cefotetan,2,2022-08-31,5285,423
535,Cefotiam,2,2022-08-30,5295,424
536,Cefozopran,2,2022-08-29,5305,425
537,Cefpirome,2,2022-08-28,5315,426
538,Cefpodoxime,2,2022-08-27,5325,427
539,Cefprozil,2,2022-08-26,5335,428
540,Cefroxadine,2,2022-08-25,5345,429
541,Cefsulodin,2,2022-08-24,5355,430
542,Ceftezole,2,2022-08-23,5365,431
543,Ceftibuten,2,2022-08-22,5375,432
544,Ceftiofur,2,2022-08-21,5385,433
545,Ceftiolene,2,2022-08-20,5395,434
546,Ceftizoxime,2,2022-08-19,5405,435
547,Ceftriaxone,2,2022-08-18,5415,436
548,Ceftazidime,2,2022-08-17,5425,437
549,Cefepime,2,2022-08-16,5435,438
550,Cefetamet,2,2022-08-15,5445,439
551,Cefixime,2,2022-08-14,5455,440
552,Cefroxadine,2,2022-08-14,5455,440
553,Cefsulodin,2,2022-08-13,5465,441
554,Ceftezole,2,2022-08-12,5475,442
555,Ceftibuten,2,2022-08-11,5485,443
556,Ceftiofur,2,2022-08-10,5495,444
557,Ceftiolene,2,2022-08-09,5505,445
558,Ceftizoxime,2,2022-08-08,5515,446
559,Ceftriaxone,2,2022-08-07,5525,447
560,Ceftazidime,2,2022-08-06,5535,448
561,Cefepime,2,2022-08-05,5545,449
562,Cefetamet,2,2022-08-04,5555,450
563,Cefixime,2,2022-08-03,5565,451
564,Cefmenoxime,2,2022-08-02,5575,452
565,Cefonicid,2,2022-08-01,5585,453
566,Cefoperazone,2,2022-07-31,5595,454
567,Cefoselis,2,2022-07-30,5605,455
568,Cefotetan,2,2022-07-29,5615,456
569,Cefotiam,2,2022-07-28,5625,457
570,Cefozopran,2,2022-07-27,5635,458
571,Cefpirome,2,2022-07-26,5645,459
572,Cefpodoxime,2,2022-07-25,5655,460
573,Cefprozil,2,2022-07-24,5665,461
574,Cefroxadine,2,2022-07-23,5675,462
575,Cefsulodin,2,2022-07-22,5685,463
576,Ceftezole,2,2022-07-21,5695,464
577,Ceftibuten,2,2022-07-20,5705,465
578,Ceftiofur,2,2022-07-19,5715,466
579,Ceftiolene,2,2022-07-18,5725,467
580,Ceftizoxime,2,2022-07-17,5735,468
581,Ceftriaxone,2,2022-07-16,5745,469
582,Ceftazidime,2,2022-07-15,5755,470
583,Cefepime,2,2022-07-14,5765,471
584,Cefetamet,2,2022-07-13,5775,472
585,Cefixime,2,2022-07-12,5785,473
586,Cefmenoxime,2,2022-07-11,5795,474
587,Cefonicid,2,2022-07-10,5805,475
588,Cefoperazone,2,2022-07-09,5815,476
589,Cefoselis,2,2022-07-08,5825,477
590,Cefotetan,2,2022-07-07,5835,478
591,Cefotiam,2,2022-07-06,5845,479
592,Cefozopran,2,2022-07-05,5855,480
593,Cefpirome,2,2022-07-04,5865,481
594,Cefpodoxime,2,2022-07-03,5875,482
595,Cefprozil,2,2022-07-02,5885,483
596,Cefroxadine,2,2022-07-01,5895,484
597,Cefsulodin,2,2022-06-30,5905,485
598,Ceftezole,2,2022-06-29,5915,486
599,Ceftibuten,2,2022-06-28,5925,487
600,Ceftiofur,2,2022-06-27,5935,488
601,Ceftiolene,2,2022-06-26,5945,489
602,Ceftizoxime,2,2022-06-25,5955,490
603,Ceftriaxone,2,2022-06-24,5965,491
604,Ceftazidime,2,2022-06-23,5975,492
605,Cefepime,2,2022-06-22,5985,493
