<?xml version="1.0"?>
<data grt_format="2.0">
  <value _ptr_="000001B9FA708350" type="list" content-type="object" content-struct-name="db.mgmt.Connection">
    <value type="object" struct-name="db.mgmt.Connection" id="{4094D289-4A23-4450-82AF-82E385E21B64}" struct-checksum="0x96ba47d8">
      <link type="object" struct-name="db.mgmt.Driver" key="driver">com.mysql.rdbms.mysql.driver.native</link>
      <value type="string" key="hostIdentifier">Mysql@localhost:3306</value>
      <value type="int" key="isDefault">1</value>
      <value _ptr_="000001B9FB8C27B0" type="dict" key="modules"/>
      <value _ptr_="000001B9FB8C2E70" type="dict" key="parameterValues">
        <value type="string" key="DbSqlEditor:LastDefaultSchema">practise_during_creation</value>
        <value type="string" key="SQL_MODE"></value>
        <value type="string" key="hostName">localhost</value>
        <value type="int" key="lastConnected">1708501952</value>
        <value type="string" key="password"></value>
        <value type="int" key="port">3306</value>
        <value type="string" key="serverVersion">8.1.0</value>
        <value type="string" key="sslCA"></value>
        <value type="string" key="sslCert"></value>
        <value type="string" key="sslCipher"></value>
        <value type="string" key="sslKey"></value>
        <value type="int" key="useSSL">1</value>
        <value type="string" key="userName">root</value>
      </value>
      <value type="string" key="name">Local instance MySQL80</value>
      <link type="object" struct-name="GrtObject" key="owner">{BA461126-0195-4B66-9DCA-38454BC16F0C}</link>
    </value>
    <value type="object" struct-name="db.mgmt.Connection" id="{E01ABF2F-811E-49FD-9E08-9A70B492A17F}" struct-checksum="0x96ba47d8">
      <link type="object" struct-name="db.mgmt.Driver" key="driver">com.mysql.rdbms.mysql.driver.native</link>
      <value type="string" key="hostIdentifier">Mysql@127.0.0.1:3306</value>
      <value type="int" key="isDefault">0</value>
      <value _ptr_="000001B9FB8C30B0" type="dict" key="modules"/>
      <value _ptr_="000001B9FB8C2AB0" type="dict" key="parameterValues">
        <value type="string" key="DbSqlEditor:LastDefaultSchema">drug_project_cdac</value>
        <value type="string" key="SQL_MODE"></value>
        <value type="string" key="hostName">127.0.0.1</value>
        <value type="int" key="lastConnected">1708493902</value>
        <value type="string" key="password"></value>
        <value type="int" key="port">3306</value>
        <value type="string" key="schema"></value>
        <value type="string" key="serverVersion">8.1.0</value>
        <value type="string" key="sslCA"></value>
        <value type="string" key="sslCert"></value>
        <value type="string" key="sslCipher"></value>
        <value type="string" key="sslKey"></value>
        <value type="int" key="useSSL">1</value>
        <value type="string" key="userName">root</value>
      </value>
      <value type="string" key="name">DotNet</value>
      <link type="object" struct-name="GrtObject" key="owner">{BA461126-0195-4B66-9DCA-38454BC16F0C}</link>
    </value>
  </value>
</data>
