<?xml version="1.0"?>
<data grt_format="2.0">
  <value _ptr_="000001B9FA7086D0" type="list" content-type="object" content-struct-name="db.mgmt.ServerInstance">
    <value type="object" struct-name="db.mgmt.ServerInstance" id="{93376C4B-C404-4D60-A943-40B8EB384763}" struct-checksum="0x367436e2">
      <link type="object" struct-name="db.mgmt.Connection" key="connection">{4094D289-4A23-4450-82AF-82E385E21B64}</link>
      <value _ptr_="000001B9FB8C41F0" type="dict" key="loginInfo">
        <value type="string" key="wmi.hostName"></value>
        <value type="string" key="wmi.userName"></value>
      </value>
      <value _ptr_="000001B9FB8C4F10" type="dict" key="serverInfo">
        <value type="string" key="basedir">D:\MySQL\mysql-8.1.0-winx64\mysql-8.1.0-winx64\</value>
        <value type="string" key="datadir">C:\ProgramData\MySQL\MySQL Server 8.1\Data\</value>
        <value type="string" key="detected_os_name">Windows 10 Home Single Language</value>
        <value type="string" key="detected_os_type">windows</value>
        <value type="string" key="detected_os_variant">Windows</value>
        <value type="string" key="detected_os_version">Microsoft Windows [Version 10.0.22621.2861]</value>
        <value type="string" key="errorLogFilePath">ZERO.err</value>
        <value type="int" key="generalLogEnabled">1</value>
        <value type="string" key="generalLogFilePath">ZERO.log</value>
        <value type="string" key="logOutput">FILE</value>
        <value type="string" key="serverVersion">8.1.0</value>
        <value type="int" key="setupPending">0</value>
        <value type="int" key="slowLogEnabled">1</value>
        <value type="string" key="slowLogFilePath">ZERO-slow.log</value>
        <value type="string" key="sys.config.path">C:\ProgramData\MySQL\MySQL Server 8.0\my.ini</value>
        <value type="int" key="sys.config.path.lock">1</value>
        <value type="string" key="sys.config.section">mysqld</value>
        <value type="string" key="sys.mysqld.service_name">MySQL80</value>
        <value type="string" key="sys.preset">Custom</value>
        <value type="string" key="sys.sudo"></value>
        <value type="string" key="sys.system">Windows</value>
        <value type="int" key="sys.usesudo">1</value>
        <value type="int" key="sys.usesudostatus">0</value>
        <value type="int" key="windowsAdmin">1</value>
      </value>
      <value type="string" key="name">Local MySQL80</value>
    </value>
    <value type="object" struct-name="db.mgmt.ServerInstance" id="{E189D446-C705-470E-8EA4-6449CB487ECA}" struct-checksum="0x367436e2">
      <link type="object" struct-name="db.mgmt.Connection" key="connection">{E01ABF2F-811E-49FD-9E08-9A70B492A17F}</link>
      <value _ptr_="000001B9FB8C4970" type="dict" key="loginInfo">
        <value type="string" key="ssh.hostName"></value>
        <value type="string" key="ssh.key">C:\Users\vishw\AppData\Roaming/.ssh/ssh_private_key</value>
        <value type="string" key="ssh.localPort">3306</value>
        <value type="int" key="ssh.useKey">0</value>
        <value type="string" key="ssh.userName">mysql</value>
        <value type="string" key="wmi.hostName">127.0.0.2</value>
        <value type="string" key="wmi.userName">vishw</value>
      </value>
      <value _ptr_="000001B9FB8C3D10" type="dict" key="serverInfo">
        <value type="string" key="basedir">D:\MySQL\mysql-8.1.0-winx64\mysql-8.1.0-winx64\</value>
        <value type="string" key="datadir">C:\ProgramData\MySQL\MySQL Server 8.1\Data\</value>
        <value type="string" key="detected_os_name">Windows 10 Home Single Language</value>
        <value type="string" key="detected_os_type">windows</value>
        <value type="string" key="detected_os_variant">Windows</value>
        <value type="string" key="detected_os_version">Microsoft Windows [Version 10.0.22621.3155]</value>
        <value type="string" key="errorLogFilePath">ZERO.err</value>
        <value type="int" key="generalLogEnabled">1</value>
        <value type="string" key="generalLogFilePath">ZERO.log</value>
        <value type="string" key="serverVersion">8.1.0</value>
        <value type="int" key="setupPending">0</value>
        <value type="int" key="slowLogEnabled">1</value>
        <value type="string" key="slowLogFilePath">ZERO-slow.log</value>
        <value type="string" key="sys.mysqld.service_name">MySQL</value>
        <value type="string" key="sys.sudo"></value>
        <value type="int" key="sys.usesudo">1</value>
        <value type="int" key="sys.usesudostatus">0</value>
        <value type="int" key="windowsAdmin">1</value>
      </value>
      <value type="string" key="name">DotNet</value>
    </value>
    <value type="object" struct-name="db.mgmt.ServerInstance" id="{F8A9FC74-F945-483E-8825-678EB538118C}" struct-checksum="0x367436e2">
      <link type="object" struct-name="db.mgmt.Connection" key="connection">{4094D289-4A23-4450-82AF-82E385E21B64}</link>
      <value _ptr_="000001B9FB8C4D90" type="dict" key="loginInfo">
        <value type="string" key="wmi.hostName"></value>
        <value type="string" key="wmi.userName"></value>
      </value>
      <value _ptr_="000001B9FB8C49D0" type="dict" key="serverInfo">
        <value type="int" key="setupPending">1</value>
        <value type="string" key="sys.config.path">C:\ProgramData\MySQL\MySQL Server 8.1\my.ini</value>
        <value type="int" key="sys.config.path.lock">1</value>
        <value type="string" key="sys.config.section">mysqld</value>
        <value type="string" key="sys.mysqld.service_name">MySQL81</value>
        <value type="string" key="sys.preset">Custom</value>
        <value type="string" key="sys.system">Windows</value>
        <value type="int" key="windowsAdmin">1</value>
      </value>
      <value type="string" key="name">Local MySQL81</value>
    </value>
    <value type="object" struct-name="db.mgmt.ServerInstance" id="{3D304E3E-C627-4C40-A427-53AD19EAE374}" struct-checksum="0x367436e2">
      <link type="object" struct-name="db.mgmt.Connection" key="connection">{4094D289-4A23-4450-82AF-82E385E21B64}</link>
      <value _ptr_="000001B9FB8C4A30" type="dict" key="loginInfo">
        <value type="string" key="wmi.hostName"></value>
        <value type="string" key="wmi.userName"></value>
      </value>
      <value _ptr_="000001B9FB8C42B0" type="dict" key="serverInfo">
        <value type="int" key="setupPending">1</value>
        <value type="string" key="sys.config.path">C:\ProgramData\MySQL\MySQL Server 8.1\my.ini</value>
        <value type="int" key="sys.config.path.lock">1</value>
        <value type="string" key="sys.config.section">mysqld</value>
        <value type="string" key="sys.mysqld.service_name">MySQL81</value>
        <value type="string" key="sys.preset">Custom</value>
        <value type="string" key="sys.system">Windows</value>
        <value type="int" key="windowsAdmin">1</value>
      </value>
      <value type="string" key="name">Local MySQL81</value>
    </value>
    <value type="object" struct-name="db.mgmt.ServerInstance" id="{C79E4E81-AFC2-4335-BF27-2707D720F77C}" struct-checksum="0x367436e2">
      <link type="object" struct-name="db.mgmt.Connection" key="connection">{4094D289-4A23-4450-82AF-82E385E21B64}</link>
      <value _ptr_="000001B9FB8C4AF0" type="dict" key="loginInfo">
        <value type="string" key="wmi.hostName"></value>
        <value type="string" key="wmi.userName"></value>
      </value>
      <value _ptr_="000001B9FB8C4D30" type="dict" key="serverInfo">
        <value type="int" key="setupPending">1</value>
        <value type="string" key="sys.config.path">C:\ProgramData\MySQL\MySQL Server 8.1\my.ini</value>
        <value type="int" key="sys.config.path.lock">1</value>
        <value type="string" key="sys.config.section">mysqld</value>
        <value type="string" key="sys.mysqld.service_name">MySQL81</value>
        <value type="string" key="sys.preset">Custom</value>
        <value type="string" key="sys.system">Windows</value>
        <value type="int" key="windowsAdmin">1</value>
      </value>
      <value type="string" key="name">Local MySQL81</value>
    </value>
    <value type="object" struct-name="db.mgmt.ServerInstance" id="{3D4FE425-AB1E-4908-8735-AC1DC1B298B8}" struct-checksum="0x367436e2">
      <link type="object" struct-name="db.mgmt.Connection" key="connection">{4094D289-4A23-4450-82AF-82E385E21B64}</link>
      <value _ptr_="000001B9FB8C55D0" type="dict" key="loginInfo">
        <value type="string" key="wmi.hostName"></value>
        <value type="string" key="wmi.userName"></value>
      </value>
      <value _ptr_="000001B9FB8C5FF0" type="dict" key="serverInfo">
        <value type="int" key="setupPending">1</value>
        <value type="string" key="sys.config.path">C:\ProgramData\MySQL\MySQL Server 8.1\my.ini</value>
        <value type="int" key="sys.config.path.lock">1</value>
        <value type="string" key="sys.config.section">mysqld</value>
        <value type="string" key="sys.mysqld.service_name">MySQL81</value>
        <value type="string" key="sys.preset">Custom</value>
        <value type="string" key="sys.system">Windows</value>
        <value type="int" key="windowsAdmin">1</value>
      </value>
      <value type="string" key="name">Local MySQL81</value>
    </value>
  </value>
</data>
